project,result,RefactoringType,url,TestCaseUrl,signature,refactoring,error
commons-io,FAIL,Add Parameter,https://github.com/apache/commons-io/commit/6b896da857d7d107e4d7158bebca0798d2319c57,https://github.com/apache/commons-io/blob/6b896da857d7d107e4d7158bebca0798d2319c57/src/test/java/org/apache/commons/io/filefilter/AgeFileFilterTest.java,src/test/java/org/apache/commons/io/filefilter/AgeFileFilterTest.java;testJavadocExampleUsingNio#,src/main/java/org/apache/commons/io/filefilter/AgeFileFilter.java;accept#Path,org.opentest4j.AssertionFailedError: expected: <true> but was: <false>                at org.apache.commons.io.filefilter.AgeFileFilterTest.testJavadocExampleUsingNio(AgeFileFilterTest.java:84)
commons-io,FAIL,Add Parameter,https://github.com/apache/commons-io/commit/6b896da857d7d107e4d7158bebca0798d2319c57,https://github.com/apache/commons-io/blob/6b896da857d7d107e4d7158bebca0798d2319c57/src/test/java/org/apache/commons/io/filefilter/AgeFileFilterTest.java,src/test/java/org/apache/commons/io/filefilter/AgeFileFilterTest.java;testNoCounting#,src/main/java/org/apache/commons/io/filefilter/AgeFileFilter.java;accept#Path,org.opentest4j.AssertionFailedError: expected: <false> but was: <true>                at org.apache.commons.io.filefilter.AgeFileFilterTest.testNoCounting(AgeFileFilterTest.java:107)
commons-io,COMPILE_ERROR,Add Parameter,https://github.com/apache/commons-io/commit/6b896da857d7d107e4d7158bebca0798d2319c57,https://github.com/apache/commons-io/blob/6b896da857d7d107e4d7158bebca0798d2319c57/src/test/java/org/apache/commons/io/filefilter/FileFilterTestCase.java,src/test/java/org/apache/commons/io/filefilter/FileFilterTestCase.java;testAgeFilter#,src/main/java/org/apache/commons/io/filefilter/AgeFileFilter.java;accept#Path,null
commons-io,COMPILE_ERROR,Add Parameter,https://github.com/apache/commons-io/commit/6b896da857d7d107e4d7158bebca0798d2319c57,https://github.com/apache/commons-io/blob/6b896da857d7d107e4d7158bebca0798d2319c57/src/test/java/org/apache/commons/io/filefilter/FileFilterTestCase.java,src/test/java/org/apache/commons/io/filefilter/FileFilterTestCase.java;testDeprecatedWildcard#,src/main/java/org/apache/commons/io/filefilter/WildcardFilter.java;accept#Path,null
commons-io,COMPILE_ERROR,Add Parameter,https://github.com/apache/commons-io/commit/6b896da857d7d107e4d7158bebca0798d2319c57,https://github.com/apache/commons-io/blob/6b896da857d7d107e4d7158bebca0798d2319c57/src/test/java/org/apache/commons/io/filefilter/FileFilterTestCase.java,src/test/java/org/apache/commons/io/filefilter/FileFilterTestCase.java;testDirectory#,src/main/java/org/apache/commons/io/filefilter/DirectoryFileFilter.java;accept#Path,null
commons-io,COMPILE_ERROR,Add Parameter,https://github.com/apache/commons-io/commit/6b896da857d7d107e4d7158bebca0798d2319c57,https://github.com/apache/commons-io/blob/6b896da857d7d107e4d7158bebca0798d2319c57/src/test/java/org/apache/commons/io/filefilter/FileFilterTestCase.java,src/test/java/org/apache/commons/io/filefilter/FileFilterTestCase.java;testFalse#,src/main/java/org/apache/commons/io/filefilter/FalseFileFilter.java;accept#Path,null
commons-io,COMPILE_ERROR,Add Parameter,https://github.com/apache/commons-io/commit/6b896da857d7d107e4d7158bebca0798d2319c57,https://github.com/apache/commons-io/blob/6b896da857d7d107e4d7158bebca0798d2319c57/src/test/java/org/apache/commons/io/filefilter/FileFilterTestCase.java,src/test/java/org/apache/commons/io/filefilter/FileFilterTestCase.java;testFiles#,src/main/java/org/apache/commons/io/filefilter/FileFileFilter.java;accept#Path,null
commons-io,COMPILE_ERROR,Add Parameter,https://github.com/apache/commons-io/commit/6b896da857d7d107e4d7158bebca0798d2319c57,https://github.com/apache/commons-io/blob/6b896da857d7d107e4d7158bebca0798d2319c57/src/test/java/org/apache/commons/io/filefilter/FileFilterTestCase.java,src/test/java/org/apache/commons/io/filefilter/FileFilterTestCase.java;testMagicNumberFileFilterBytes#,src/main/java/org/apache/commons/io/filefilter/MagicNumberFileFilter.java;accept#Path,null
commons-io,COMPILE_ERROR,Add Parameter,https://github.com/apache/commons-io/commit/6b896da857d7d107e4d7158bebca0798d2319c57,https://github.com/apache/commons-io/blob/6b896da857d7d107e4d7158bebca0798d2319c57/src/test/java/org/apache/commons/io/filefilter/FileFilterTestCase.java,src/test/java/org/apache/commons/io/filefilter/FileFilterTestCase.java;testNameFilter#,src/main/java/org/apache/commons/io/filefilter/NameFileFilter.java;accept#Path,null
commons-io,COMPILE_ERROR,Add Parameter,https://github.com/apache/commons-io/commit/6b896da857d7d107e4d7158bebca0798d2319c57,https://github.com/apache/commons-io/blob/6b896da857d7d107e4d7158bebca0798d2319c57/src/test/java/org/apache/commons/io/filefilter/FileFilterTestCase.java,src/test/java/org/apache/commons/io/filefilter/FileFilterTestCase.java;testPrefix#,src/main/java/org/apache/commons/io/filefilter/PrefixFileFilter.java;accept#Path,null
commons-io,COMPILE_ERROR,Add Parameter,https://github.com/apache/commons-io/commit/6b896da857d7d107e4d7158bebca0798d2319c57,https://github.com/apache/commons-io/blob/6b896da857d7d107e4d7158bebca0798d2319c57/src/test/java/org/apache/commons/io/filefilter/FileFilterTestCase.java,src/test/java/org/apache/commons/io/filefilter/FileFilterTestCase.java;testTrue#,src/main/java/org/apache/commons/io/filefilter/TrueFileFilter.java;accept#Path,null
commons-io,COMPILE_ERROR,Add Parameter,https://github.com/apache/commons-io/commit/6b896da857d7d107e4d7158bebca0798d2319c57,https://github.com/apache/commons-io/blob/6b896da857d7d107e4d7158bebca0798d2319c57/src/test/java/org/apache/commons/io/filefilter/FileFilterTestCase.java,src/test/java/org/apache/commons/io/filefilter/FileFilterTestCase.java;testWildcard#,src/main/java/org/apache/commons/io/filefilter/WildcardFileFilter.java;accept#Path,null
commons-io,COMPILE_ERROR,Add Parameter,https://github.com/apache/commons-io/commit/6b896da857d7d107e4d7158bebca0798d2319c57,https://github.com/apache/commons-io/blob/6b896da857d7d107e4d7158bebca0798d2319c57/src/test/java/org/apache/commons/io/filefilter/RegexFileFilterTestCase.java,src/test/java/org/apache/commons/io/filefilter/RegexFileFilterTestCase.java;testRegex#,src/main/java/org/apache/commons/io/filefilter/RegexFileFilter.java;accept#Path,null
commons-io,COMPILE_ERROR,Rename Class,https://github.com/apache/commons-io/commit/3798a6b504d3c8d46dcb50289e71741c7f029472,https://github.com/apache/commons-io/blob/3798a6b504d3c8d46dcb50289e71741c7f029472/src/test/java/org/apache/commons/io/file/CountingFileVisitorTest.java,src/test/java/org/apache/commons/io/file/CountingFileVisitorTest.java;testToString#,src/main/java/org/apache/commons/io/file/CountingFileVisitor.java;toString#,null
commons-io,COMPILE_ERROR,Rename Method,https://github.com/apache/commons-io/commit/e21df7d5b95b639627329f71d5d3ab3d3926135a,https://github.com/apache/commons-io/blob/e21df7d5b95b639627329f71d5d3ab3d3926135a/src/test/java/org/apache/commons/io/file/DirectoryStreamFilterTest.java,src/test/java/org/apache/commons/io/file/DirectoryStreamFilterTest.java;testFilterByNameNot#,src/main/java/org/apache/commons/io/filefilter/IOFileFilter.java;negate#,null
commons-io,COMPILE_ERROR,Move And Rename Class,https://github.com/apache/commons-io/commit/7c111fecd837f22f1f8c1faa38dbef0f4a0e91ee,https://github.com/apache/commons-io/blob/7c111fecd837f22f1f8c1faa38dbef0f4a0e91ee/src/test/java/org/apache/commons/io/file/PathCountsTest.java,src/test/java/org/apache/commons/io/file/PathCountsTest.java;testCtor#,src/main/java/org/apache/commons/io/file/PathCounts.java;getByteCount#,null
commons-io,COMPILE_ERROR,Move And Rename Class,https://github.com/apache/commons-io/commit/7c111fecd837f22f1f8c1faa38dbef0f4a0e91ee,https://github.com/apache/commons-io/blob/7c111fecd837f22f1f8c1faa38dbef0f4a0e91ee/src/test/java/org/apache/commons/io/file/PathCountsTest.java,src/test/java/org/apache/commons/io/file/PathCountsTest.java;testToString#,src/main/java/org/apache/commons/io/file/PathCounts.java;toString#,null
commons-io,COMPILE_ERROR,Change Return Type,https://github.com/apache/commons-io/commit/7c111fecd837f22f1f8c1faa38dbef0f4a0e91ee,https://github.com/apache/commons-io/blob/7c111fecd837f22f1f8c1faa38dbef0f4a0e91ee/src/test/java/org/apache/commons/io/file/PathUtilsDeleteFileTest.java,src/test/java/org/apache/commons/io/file/PathUtilsDeleteFileTest.java;testDeleteFileDirectory1FileSize0#,src/main/java/org/apache/commons/io/file/PathUtils.java;deleteFile#Path,null
commons-io,COMPILE_ERROR,Change Return Type,https://github.com/apache/commons-io/commit/7c111fecd837f22f1f8c1faa38dbef0f4a0e91ee,https://github.com/apache/commons-io/blob/7c111fecd837f22f1f8c1faa38dbef0f4a0e91ee/src/test/java/org/apache/commons/io/file/PathUtilsDeleteFileTest.java,src/test/java/org/apache/commons/io/file/PathUtilsDeleteFileTest.java;testDeleteFileDirectory1FileSize1#,src/main/java/org/apache/commons/io/file/PathUtils.java;deleteFile#Path,null
commons-io,COMPILE_ERROR,Change Return Type,https://github.com/apache/commons-io/commit/7c111fecd837f22f1f8c1faa38dbef0f4a0e91ee,https://github.com/apache/commons-io/blob/7c111fecd837f22f1f8c1faa38dbef0f4a0e91ee/src/test/java/org/apache/commons/io/file/PathUtilsDeleteFileTest.java,src/test/java/org/apache/commons/io/file/PathUtilsDeleteFileTest.java;testDeleteFileDoesNotExist#,src/main/java/org/apache/commons/io/file/PathUtils.java;deleteFile#Path,null
commons-io,COMPILE_ERROR,Change Return Type,https://github.com/apache/commons-io/commit/7c111fecd837f22f1f8c1faa38dbef0f4a0e91ee,https://github.com/apache/commons-io/blob/7c111fecd837f22f1f8c1faa38dbef0f4a0e91ee/src/test/java/org/apache/commons/io/file/PathUtilsDeleteFileTest.java,src/test/java/org/apache/commons/io/file/PathUtilsDeleteFileTest.java;testDeleteFileEmptyDirectory#,src/main/java/org/apache/commons/io/file/PathUtils.java;deleteFile#Path,null
commons-io,COMPILE_ERROR,Change Return Type,https://github.com/apache/commons-io/commit/7c111fecd837f22f1f8c1faa38dbef0f4a0e91ee,https://github.com/apache/commons-io/blob/7c111fecd837f22f1f8c1faa38dbef0f4a0e91ee/src/test/java/org/apache/commons/io/file/PathUtilsDeleteTest.java,src/test/java/org/apache/commons/io/file/PathUtilsDeleteTest.java;testDeleteFileDoesNotExist#,src/main/java/org/apache/commons/io/file/PathUtils.java;deleteFile#Path,null
commons-io,COMPILE_ERROR,Rename Class,https://github.com/apache/commons-io/commit/e8afd478fb060f677c246b54aa27516b28075995,https://github.com/apache/commons-io/blob/e8afd478fb060f677c246b54aa27516b28075995/src/test/java/org/apache/commons/io/comparator/CompositeFileComparatorTest.java,src/test/java/org/apache/commons/io/comparator/CompositeFileComparatorTest.java;constructorIterable_order#,src/main/java/org/apache/commons/io/comparator/ReverseFileComparator.java;ReverseFileComparator#Comparator,null
commons-io,COMPILE_ERROR,Rename Class,https://github.com/apache/commons-io/commit/928da12b15c987e16b2481c43614c8e868be1c04,https://github.com/apache/commons-io/blob/928da12b15c987e16b2481c43614c8e868be1c04/src/test/java/org/apache/commons/io/ByteOrderFactoryTest.java,src/test/java/org/apache/commons/io/ByteOrderFactoryTest.java;testParseBig#,src/main/java/org/apache/commons/io/ByteOrderUtils.java;parseByteOrder#String,null
commons-io,COMPILE_ERROR,Rename Class,https://github.com/apache/commons-io/commit/928da12b15c987e16b2481c43614c8e868be1c04,https://github.com/apache/commons-io/blob/928da12b15c987e16b2481c43614c8e868be1c04/src/test/java/org/apache/commons/io/ByteOrderFactoryTest.java,src/test/java/org/apache/commons/io/ByteOrderFactoryTest.java;testParseLittle#,src/main/java/org/apache/commons/io/ByteOrderUtils.java;parseByteOrder#String,null
commons-io,COMPILE_ERROR,Move Class,https://github.com/apache/commons-io/commit/62edd62730065e78f4db0bfaac577684bf9c3f2a,https://github.com/apache/commons-io/blob/62edd62730065e78f4db0bfaac577684bf9c3f2a/src/test/java/org/apache/commons/io/filefilter/DirectoryStreamFilterTest.java,src/test/java/org/apache/commons/io/filefilter/DirectoryStreamFilterTest.java;testFilterByNameNot#,src/main/java/org/apache/commons/io/file/DirectoryStreamFilter.java;DirectoryStreamFilter#PathFilter,null
commons-io,COMPILE_ERROR,Move Class,https://github.com/apache/commons-io/commit/62edd62730065e78f4db0bfaac577684bf9c3f2a,https://github.com/apache/commons-io/blob/62edd62730065e78f4db0bfaac577684bf9c3f2a/src/test/java/org/apache/commons/io/filefilter/DirectoryStreamFilterTest.java,src/test/java/org/apache/commons/io/filefilter/DirectoryStreamFilterTest.java;testFilterByName#,src/main/java/org/apache/commons/io/file/DirectoryStreamFilter.java;accept#Path,null
jsoup,COMPILE_ERROR,Rename Method,https://github.com/jhy/jsoup/commit/528ba552b19ab2ae949feecb373ef85a0b126566,https://github.com/jhy/jsoup/blob/528ba552b19ab2ae949feecb373ef85a0b126566/src/test/java/org/jsoup/nodes/AttributeTest.java,src/test/java/org/jsoup/nodes/AttributeTest.java;booleanAttributesAreEmptyStringValues#,src/main/java/org/jsoup/nodes/Attribute.java;hasDeclaredValue#,null
jsoup,COMPILE_ERROR,Rename Method,https://github.com/jhy/jsoup/commit/528ba552b19ab2ae949feecb373ef85a0b126566,https://github.com/jhy/jsoup/blob/528ba552b19ab2ae949feecb373ef85a0b126566/src/test/java/org/jsoup/nodes/AttributeTest.java,src/test/java/org/jsoup/nodes/AttributeTest.java;hasValue#,src/main/java/org/jsoup/nodes/Attribute.java;hasDeclaredValue#,null
jsoup,COMPILE_ERROR,Rename Method,https://github.com/jhy/jsoup/commit/b001b304826d33f8f2b34fc7f14a931d9a97cf8a,https://github.com/jhy/jsoup/blob/b001b304826d33f8f2b34fc7f14a931d9a97cf8a/src/test/java/org/jsoup/nodes/ElementTest.java,src/test/java/org/jsoup/nodes/ElementTest.java;testGetWholeText#,src/main/java/org/jsoup/nodes/Element.java;wholeText#,null
jsoup,FAIL,Change Return Type,https://github.com/jhy/jsoup/commit/426ffe7870b937ef9cfa25ebe20e7a478493da99,https://github.com/jhy/jsoup/blob/426ffe7870b937ef9cfa25ebe20e7a478493da99/src/test/java/org/jsoup/nodes/ElementTest.java,src/test/java/org/jsoup/nodes/ElementTest.java;testPreviousElementSiblings#,src/main/java/org/jsoup/nodes/Element.java;previousElementSiblings#,"org.junit.ComparisonFailure: expected:<[a]> but was:<[b]>		at org.junit.Assert.assertEquals(Assert.java:115)		at org.junit.Assert.assertEquals(Assert.java:144)		at org.jsoup.nodes.ElementTest.testPreviousElementSiblings(ElementTest.java:1390)		at java.base/jdk.internal.reflect.NativeMethodAccessorImpl.invoke0(Native Method)		at java.base/jdk.internal.reflect.NativeMethodAccessorImpl.invoke(NativeMethodAccessorImpl.java:62)		at java.base/jdk.internal.reflect.DelegatingMethodAccessorImpl.invoke(DelegatingMethodAccessorImpl.java:43)		at java.base/java.lang.reflect.Method.invoke(Method.java:567)		at org.junit.runners.model.FrameworkMethod$1.runReflectiveCall(FrameworkMethod.java:50)		at org.junit.internal.runners.model.ReflectiveCallable.run(ReflectiveCallable.java:12)		at org.junit.runners.model.FrameworkMethod.invokeExplosively(FrameworkMethod.java:47)		at org.junit.internal.runners.statements.InvokeMethod.evaluate(InvokeMethod.java:17)		at org.junit.runners.ParentRunner.runLeaf(ParentRunner.java:325)		at org.junit.runners.BlockJUnit4ClassRunner.runChild(BlockJUnit4ClassRunner.java:78)		at org.junit.runners.BlockJUnit4ClassRunner.runChild(BlockJUnit4ClassRunner.java:57)		at org.junit.runners.ParentRunner$3.run(ParentRunner.java:290)		at org.junit.runners.ParentRunner$1.schedule(ParentRunner.java:71)		at org.junit.runners.ParentRunner.runChildren(ParentRunner.java:288)		at org.junit.runners.ParentRunner.access$000(ParentRunner.java:58)		at org.junit.runners.ParentRunner$2.evaluate(ParentRunner.java:268)		at org.junit.runners.ParentRunner.run(ParentRunner.java:363)		at org.apache.maven.surefire.junit4.JUnit4Provider.execute(JUnit4Provider.java:252)		at org.apache.maven.surefire.junit4.JUnit4Provider.executeTestSet(JUnit4Provider.java:141)		at org.apache.maven.surefire.junit4.JUnit4Provider.invoke(JUnit4Provider.java:112)		at java.base/jdk.internal.reflect.NativeMethodAccessorImpl.invoke0(Native Method)		at java.base/jdk.internal.reflect.NativeMethodAccessorImpl.invoke(NativeMethodAccessorImpl.java:62)		at java.base/jdk.internal.reflect.DelegatingMethodAccessorImpl.invoke(DelegatingMethodAccessorImpl.java:43)		at java.base/java.lang.reflect.Method.invoke(Method.java:567)		at org.apache.maven.surefire.util.ReflectionUtils.invokeMethodWithArray(ReflectionUtils.java:189)		at org.apache.maven.surefire.booter.ProviderFactory$ProviderProxy.invoke(ProviderFactory.java:165)		at org.apache.maven.surefire.booter.ProviderFactory.invokeProvider(ProviderFactory.java:85)		at org.apache.maven.surefire.booter.ForkedBooter.runSuitesInProcess(ForkedBooter.java:115)		at org.apache.maven.surefire.booter.ForkedBooter.main(ForkedBooter.java:75)"
jsoup,COMPILE_ERROR,Move Class,https://github.com/jhy/jsoup/commit/105f7bdcdbfffc879d0737cf857c02b6823b1b73,https://github.com/jhy/jsoup/blob/105f7bdcdbfffc879d0737cf857c02b6823b1b73/src/test/java/org/jsoup/helper/StringUtilTest.java,src/test/java/org/jsoup/helper/StringUtilTest.java;isBlank#,src/main/java/org/jsoup/internal/StringUtil.java;isBlank#String,null
jsoup,COMPILE_ERROR,Move Class,https://github.com/jhy/jsoup/commit/105f7bdcdbfffc879d0737cf857c02b6823b1b73,https://github.com/jhy/jsoup/blob/105f7bdcdbfffc879d0737cf857c02b6823b1b73/src/test/java/org/jsoup/helper/StringUtilTest.java,src/test/java/org/jsoup/helper/StringUtilTest.java;isNumeric#,src/main/java/org/jsoup/internal/StringUtil.java;isNumeric#String,null
jsoup,COMPILE_ERROR,Move Class,https://github.com/jhy/jsoup/commit/105f7bdcdbfffc879d0737cf857c02b6823b1b73,https://github.com/jhy/jsoup/blob/105f7bdcdbfffc879d0737cf857c02b6823b1b73/src/test/java/org/jsoup/helper/StringUtilTest.java,src/test/java/org/jsoup/helper/StringUtilTest.java;isWhitespace#,src/main/java/org/jsoup/internal/StringUtil.java;isWhitespace#int,null
jsoup,COMPILE_ERROR,Move Class,https://github.com/jhy/jsoup/commit/105f7bdcdbfffc879d0737cf857c02b6823b1b73,https://github.com/jhy/jsoup/blob/105f7bdcdbfffc879d0737cf857c02b6823b1b73/src/test/java/org/jsoup/helper/StringUtilTest.java,src/test/java/org/jsoup/helper/StringUtilTest.java;normaliseWhiteSpace#,src/main/java/org/jsoup/internal/StringUtil.java;normaliseWhitespace#String,null
jsoup,COMPILE_ERROR,Move Class,https://github.com/jhy/jsoup/commit/105f7bdcdbfffc879d0737cf857c02b6823b1b73,https://github.com/jhy/jsoup/blob/105f7bdcdbfffc879d0737cf857c02b6823b1b73/src/test/java/org/jsoup/helper/StringUtilTest.java,src/test/java/org/jsoup/helper/StringUtilTest.java;normaliseWhiteSpaceHandlesHighSurrogates#,src/main/java/org/jsoup/internal/StringUtil.java;normaliseWhitespace#String,null
jsoup,COMPILE_ERROR,Move Class,https://github.com/jhy/jsoup/commit/105f7bdcdbfffc879d0737cf857c02b6823b1b73,https://github.com/jhy/jsoup/blob/105f7bdcdbfffc879d0737cf857c02b6823b1b73/src/test/java/org/jsoup/helper/StringUtilTest.java,src/test/java/org/jsoup/helper/StringUtilTest.java;padding#,src/main/java/org/jsoup/internal/StringUtil.java;padding#int,null
jsoup,COMPILE_ERROR,Move Class,https://github.com/jhy/jsoup/commit/105f7bdcdbfffc879d0737cf857c02b6823b1b73,https://github.com/jhy/jsoup/blob/105f7bdcdbfffc879d0737cf857c02b6823b1b73/src/test/java/org/jsoup/integration/ConnectTest.java,src/test/java/org/jsoup/integration/ConnectTest.java;doesGet#,src/main/java/org/jsoup/internal/StringUtil.java;borrowBuilder#,null
jsoup,COMPILE_ERROR,Move Class,https://github.com/jhy/jsoup/commit/105f7bdcdbfffc879d0737cf857c02b6823b1b73,https://github.com/jhy/jsoup/blob/105f7bdcdbfffc879d0737cf857c02b6823b1b73/src/test/java/org/jsoup/integration/ConnectTest.java,src/test/java/org/jsoup/integration/ConnectTest.java;doesPost#,src/main/java/org/jsoup/internal/StringUtil.java;borrowBuilder#,null
jsoup,COMPILE_ERROR,Move Class,https://github.com/jhy/jsoup/commit/105f7bdcdbfffc879d0737cf857c02b6823b1b73,https://github.com/jhy/jsoup/blob/105f7bdcdbfffc879d0737cf857c02b6823b1b73/src/test/java/org/jsoup/integration/ConnectTest.java,src/test/java/org/jsoup/integration/ConnectTest.java;fetchURIWithWihtespace#,src/main/java/org/jsoup/internal/StringUtil.java;borrowBuilder#,null
jsoup,COMPILE_ERROR,Move Class,https://github.com/jhy/jsoup/commit/105f7bdcdbfffc879d0737cf857c02b6823b1b73,https://github.com/jhy/jsoup/blob/105f7bdcdbfffc879d0737cf857c02b6823b1b73/src/test/java/org/jsoup/integration/ConnectTest.java,src/test/java/org/jsoup/integration/ConnectTest.java;fetchURl#,src/main/java/org/jsoup/internal/StringUtil.java;borrowBuilder#,null
jsoup,COMPILE_ERROR,Move Class,https://github.com/jhy/jsoup/commit/105f7bdcdbfffc879d0737cf857c02b6823b1b73,https://github.com/jhy/jsoup/blob/105f7bdcdbfffc879d0737cf857c02b6823b1b73/src/test/java/org/jsoup/integration/ConnectTest.java,src/test/java/org/jsoup/integration/ConnectTest.java;postFiles#,src/main/java/org/jsoup/internal/StringUtil.java;borrowBuilder#,null
jsoup,COMPILE_ERROR,Move Class,https://github.com/jhy/jsoup/commit/105f7bdcdbfffc879d0737cf857c02b6823b1b73,https://github.com/jhy/jsoup/blob/105f7bdcdbfffc879d0737cf857c02b6823b1b73/src/test/java/org/jsoup/integration/ConnectTest.java,src/test/java/org/jsoup/integration/ConnectTest.java;sendsRequestBody#,src/main/java/org/jsoup/internal/StringUtil.java;borrowBuilder#,null
jsoup,COMPILE_ERROR,Move Class,https://github.com/jhy/jsoup/commit/105f7bdcdbfffc879d0737cf857c02b6823b1b73,https://github.com/jhy/jsoup/blob/105f7bdcdbfffc879d0737cf857c02b6823b1b73/src/test/java/org/jsoup/integration/ConnectTest.java,src/test/java/org/jsoup/integration/ConnectTest.java;sendsRequestBodyJsonWithData#,src/main/java/org/jsoup/internal/StringUtil.java;borrowBuilder#,null
jsoup,COMPILE_ERROR,Move Class,https://github.com/jhy/jsoup/commit/105f7bdcdbfffc879d0737cf857c02b6823b1b73,https://github.com/jhy/jsoup/blob/105f7bdcdbfffc879d0737cf857c02b6823b1b73/src/test/java/org/jsoup/integration/ConnectTest.java,src/test/java/org/jsoup/integration/ConnectTest.java;sendsRequestBodyJsonWithoutData#,src/main/java/org/jsoup/internal/StringUtil.java;borrowBuilder#,null
jsoup,COMPILE_ERROR,Move Class,https://github.com/jhy/jsoup/commit/105f7bdcdbfffc879d0737cf857c02b6823b1b73,https://github.com/jhy/jsoup/blob/105f7bdcdbfffc879d0737cf857c02b6823b1b73/src/test/java/org/jsoup/integration/ConnectTest.java,src/test/java/org/jsoup/integration/ConnectTest.java;sendsRequestBodyWithUrlParams#,src/main/java/org/jsoup/internal/StringUtil.java;borrowBuilder#,null
jsoup,COMPILE_ERROR,Move Class,https://github.com/jhy/jsoup/commit/105f7bdcdbfffc879d0737cf857c02b6823b1b73,https://github.com/jhy/jsoup/blob/105f7bdcdbfffc879d0737cf857c02b6823b1b73/src/test/java/org/jsoup/parser/HtmlParserTest.java,src/test/java/org/jsoup/parser/HtmlParserTest.java;doesNotFindShortestMatchingEntity#,src/main/java/org/jsoup/internal/StringUtil.java;isBlank#String,null
jsoup,COMPILE_ERROR,Move Class,https://github.com/jhy/jsoup/commit/105f7bdcdbfffc879d0737cf857c02b6823b1b73,https://github.com/jhy/jsoup/blob/105f7bdcdbfffc879d0737cf857c02b6823b1b73/src/test/java/org/jsoup/parser/HtmlParserTest.java,src/test/java/org/jsoup/parser/HtmlParserTest.java;handlesInvalidDoctypes#,src/main/java/org/jsoup/internal/StringUtil.java;isBlank#String,null
jsoup,COMPILE_ERROR,Move Class,https://github.com/jhy/jsoup/commit/105f7bdcdbfffc879d0737cf857c02b6823b1b73,https://github.com/jhy/jsoup/blob/105f7bdcdbfffc879d0737cf857c02b6823b1b73/src/test/java/org/jsoup/parser/HtmlParserTest.java,src/test/java/org/jsoup/parser/HtmlParserTest.java;handlesXmlDeclAndCommentsBeforeDoctype#,src/main/java/org/jsoup/internal/StringUtil.java;isBlank#String,null
jsoup,COMPILE_ERROR,Move Class,https://github.com/jhy/jsoup/commit/105f7bdcdbfffc879d0737cf857c02b6823b1b73,https://github.com/jhy/jsoup/blob/105f7bdcdbfffc879d0737cf857c02b6823b1b73/src/test/java/org/jsoup/parser/XmlTreeBuilderTest.java,src/test/java/org/jsoup/parser/XmlTreeBuilderTest.java;handlesXmlDeclarationAsDeclaration#,src/main/java/org/jsoup/internal/StringUtil.java;borrowBuilder#,null
jsoup,COMPILE_ERROR,Rename Method,https://github.com/jhy/jsoup/commit/4e0974876e256d7822769b246900eb726508ca55,https://github.com/jhy/jsoup/blob/4e0974876e256d7822769b246900eb726508ca55/src/test/java/org/jsoup/nodes/ElementTest.java,src/test/java/org/jsoup/nodes/ElementTest.java;testChildMixedContent#,src/main/java/org/jsoup/nodes/Element.java;childrenCount#,null
LittleProxy,COMPILE_ERROR,Change Return Type,https://github.com/adamfisk/LittleProxy/commit/6e0d253935b0694a23b40580bb72599c279deb08,https://github.com/adamfisk/LittleProxy/blob/6e0d253935b0694a23b40580bb72599c279deb08/src/test/java/org/littleshoot/proxy/impl/ProxyUtilsTest.java,src/test/java/org/littleshoot/proxy/impl/ProxyUtilsTest.java;testRemoveSdchEncoding#,src/main/java/org/littleshoot/proxy/impl/ProxyUtils.java;removeSdchEncoding#HttpHeaders,null
rxjava-jdbc,COMPILE_ERROR,Rename Class,https://github.com/davidmoten/rxjava-jdbc/commit/f4abef43d110282911f031991db4c8e4a5fd5ce7,https://github.com/davidmoten/rxjava-jdbc/blob/f4abef43d110282911f031991db4c8e4a5fd5ce7/src/test/java/com/github/davidmoten/rx/OperationToOperatorTest.java,src/test/java/com/github/davidmoten/rx/OperationToOperatorTest.java;testMultipleNonSimultaeousSubscriptions#,src/main/java/com/github/davidmoten/rx/TransformerOperator.java;toOperator#Func1,null
rxjava-jdbc,COMPILE_ERROR,Rename Class,https://github.com/davidmoten/rxjava-jdbc/commit/f4abef43d110282911f031991db4c8e4a5fd5ce7,https://github.com/davidmoten/rxjava-jdbc/blob/f4abef43d110282911f031991db4c8e4a5fd5ce7/src/test/java/com/github/davidmoten/rx/OperationToOperatorTest.java,src/test/java/com/github/davidmoten/rx/OperationToOperatorTest.java;testUnsubscribeFromAsynchronousSource#,src/main/java/com/github/davidmoten/rx/TransformerOperator.java;toOperator#Func1,null
rxjava-jdbc,COMPILE_ERROR,Rename Class,https://github.com/davidmoten/rxjava-jdbc/commit/f4abef43d110282911f031991db4c8e4a5fd5ce7,https://github.com/davidmoten/rxjava-jdbc/blob/f4abef43d110282911f031991db4c8e4a5fd5ce7/src/test/java/com/github/davidmoten/rx/OperationToOperatorTest.java,src/test/java/com/github/davidmoten/rx/OperationToOperatorTest.java;testUnsubscribeFromSynchronousSource#,src/main/java/com/github/davidmoten/rx/TransformerOperator.java;toOperator#Func1,null
rxjava-jdbc,COMPILE_ERROR,Change Return Type,https://github.com/davidmoten/rxjava-jdbc/commit/07ce129f9401f9248a8b741894d129c914bea826,https://github.com/davidmoten/rxjava-jdbc/blob/07ce129f9401f9248a8b741894d129c914bea826/src/test/java/com/github/davidmoten/rx/jdbc/DatabaseExampleTest.java,src/test/java/com/github/davidmoten/rx/jdbc/DatabaseExampleTest.java;testUpdateParameterListOperatorWithError#,src/main/java/com/github/davidmoten/rx/RxUtil.java;flatten#,null
rxjava-jdbc,COMPILE_ERROR,Rename Class,https://github.com/davidmoten/rxjava-jdbc/commit/19c7d91a52754f73f4f3f4ef066cac7e24ea6544,https://github.com/davidmoten/rxjava-jdbc/blob/19c7d91a52754f73f4f3f4ef066cac7e24ea6544/src/test/java/com/github/davidmoten/rx/OperationToOperatorTest.java,src/test/java/com/github/davidmoten/rx/OperationToOperatorTest.java;testMultipleNonSimultaeousSubscriptions#,src/main/java/com/github/davidmoten/rx/OperationOperator.java;toOperator#Func1,null
rxjava-jdbc,COMPILE_ERROR,Rename Class,https://github.com/davidmoten/rxjava-jdbc/commit/19c7d91a52754f73f4f3f4ef066cac7e24ea6544,https://github.com/davidmoten/rxjava-jdbc/blob/19c7d91a52754f73f4f3f4ef066cac7e24ea6544/src/test/java/com/github/davidmoten/rx/OperationToOperatorTest.java,src/test/java/com/github/davidmoten/rx/OperationToOperatorTest.java;testUnsubscribeFromAsynchronousSource#,src/main/java/com/github/davidmoten/rx/OperationOperator.java;toOperator#Func1,null
rxjava-jdbc,COMPILE_ERROR,Rename Class,https://github.com/davidmoten/rxjava-jdbc/commit/19c7d91a52754f73f4f3f4ef066cac7e24ea6544,https://github.com/davidmoten/rxjava-jdbc/blob/19c7d91a52754f73f4f3f4ef066cac7e24ea6544/src/test/java/com/github/davidmoten/rx/OperationToOperatorTest.java,src/test/java/com/github/davidmoten/rx/OperationToOperatorTest.java;testUnsubscribeFromSynchronousSource#,src/main/java/com/github/davidmoten/rx/OperationOperator.java;toOperator#Func1,null
spoon,COMPILE_ERROR,Rename Method,https://github.com/INRIA/spoon/commit/85a5851160cc1e06be31dc1f4e04eb5e33a34af8,https://github.com/INRIA/spoon/blob/85a5851160cc1e06be31dc1f4e04eb5e33a34af8/src/test/java/spoon/test/annotation/AnnotationTest.java,src/test/java/spoon/test/annotation/AnnotationTest.java;testModelBuildingAnnotationBound#,src/main/java/spoon/compiler/SpoonResourceHelper.java;files#String],null
spoon,COMPILE_ERROR,Rename Method,https://github.com/INRIA/spoon/commit/85a5851160cc1e06be31dc1f4e04eb5e33a34af8,https://github.com/INRIA/spoon/blob/85a5851160cc1e06be31dc1f4e04eb5e33a34af8/src/test/java/spoon/test/annotation/AnnotationTest.java,src/test/java/spoon/test/annotation/AnnotationTest.java;testModelBuildingAnnotationBoundUsage#,src/main/java/spoon/compiler/SpoonResourceHelper.java;files#String],null
spoon,COMPILE_ERROR,Rename Method,https://github.com/INRIA/spoon/commit/85a5851160cc1e06be31dc1f4e04eb5e33a34af8,https://github.com/INRIA/spoon/blob/85a5851160cc1e06be31dc1f4e04eb5e33a34af8/src/test/java/spoon/test/arrays/ArraysTest.java,src/test/java/spoon/test/arrays/ArraysTest.java;testModelBuildingArrays#,src/main/java/spoon/compiler/SpoonResourceHelper.java;files#String],null
spoon,COMPILE_ERROR,Rename Method,https://github.com/INRIA/spoon/commit/85a5851160cc1e06be31dc1f4e04eb5e33a34af8,https://github.com/INRIA/spoon/blob/85a5851160cc1e06be31dc1f4e04eb5e33a34af8/src/test/java/spoon/test/control/ControlTest.java,src/test/java/spoon/test/control/ControlTest.java;testModelBuildingDoWhile#,src/main/java/spoon/compiler/SpoonResourceHelper.java;files#String],null
spoon,COMPILE_ERROR,Rename Method,https://github.com/INRIA/spoon/commit/85a5851160cc1e06be31dc1f4e04eb5e33a34af8,https://github.com/INRIA/spoon/blob/85a5851160cc1e06be31dc1f4e04eb5e33a34af8/src/test/java/spoon/test/control/ControlTest.java,src/test/java/spoon/test/control/ControlTest.java;testModelBuildingFor#,src/main/java/spoon/compiler/SpoonResourceHelper.java;files#String],null
spoon,COMPILE_ERROR,Rename Method,https://github.com/INRIA/spoon/commit/85a5851160cc1e06be31dc1f4e04eb5e33a34af8,https://github.com/INRIA/spoon/blob/85a5851160cc1e06be31dc1f4e04eb5e33a34af8/src/test/java/spoon/test/fieldaccesses/FieldAccessTest.java,src/test/java/spoon/test/fieldaccesses/FieldAccessTest.java;testModelBuildingFieldAccesses#,src/main/java/spoon/compiler/SpoonResourceHelper.java;files#String],null
spoon,COMPILE_ERROR,Rename Method,https://github.com/INRIA/spoon/commit/85a5851160cc1e06be31dc1f4e04eb5e33a34af8,https://github.com/INRIA/spoon/blob/85a5851160cc1e06be31dc1f4e04eb5e33a34af8/src/test/java/spoon/test/fieldaccesses/FieldAccessTest.java,src/test/java/spoon/test/fieldaccesses/FieldAccessTest.java;testModelBuildingOuterSuperAccesses#,src/main/java/spoon/compiler/SpoonResourceHelper.java;files#String],null
spoon,COMPILE_ERROR,Rename Method,https://github.com/INRIA/spoon/commit/85a5851160cc1e06be31dc1f4e04eb5e33a34af8,https://github.com/INRIA/spoon/blob/85a5851160cc1e06be31dc1f4e04eb5e33a34af8/src/test/java/spoon/test/fieldaccesses/FieldAccessTest.java,src/test/java/spoon/test/fieldaccesses/FieldAccessTest.java;testModelBuildingOuterThisAccesses#,src/main/java/spoon/compiler/SpoonResourceHelper.java;files#String],null
spoon,COMPILE_ERROR,Rename Method,https://github.com/INRIA/spoon/commit/85a5851160cc1e06be31dc1f4e04eb5e33a34af8,https://github.com/INRIA/spoon/blob/85a5851160cc1e06be31dc1f4e04eb5e33a34af8/src/test/java/spoon/test/generics/GenericsTest.java,src/test/java/spoon/test/generics/GenericsTest.java;testModelBuildingGenericConstructor#,src/main/java/spoon/compiler/SpoonResourceHelper.java;files#String],null
spoon,COMPILE_ERROR,Rename Method,https://github.com/INRIA/spoon/commit/85a5851160cc1e06be31dc1f4e04eb5e33a34af8,https://github.com/INRIA/spoon/blob/85a5851160cc1e06be31dc1f4e04eb5e33a34af8/src/test/java/spoon/test/generics/GenericsTest.java,src/test/java/spoon/test/generics/GenericsTest.java;testModelBuildingSimilarSignatureMethods#,src/main/java/spoon/compiler/SpoonResourceHelper.java;files#String],null
spoon,COMPILE_ERROR,Rename Method,https://github.com/INRIA/spoon/commit/85a5851160cc1e06be31dc1f4e04eb5e33a34af8,https://github.com/INRIA/spoon/blob/85a5851160cc1e06be31dc1f4e04eb5e33a34af8/src/test/java/spoon/test/initializers/InitializerTest.java,src/test/java/spoon/test/initializers/InitializerTest.java;testModelBuildingInitializer#,src/main/java/spoon/compiler/SpoonResourceHelper.java;files#String],null
spoon,COMPILE_ERROR,Rename Method,https://github.com/INRIA/spoon/commit/85a5851160cc1e06be31dc1f4e04eb5e33a34af8,https://github.com/INRIA/spoon/blob/85a5851160cc1e06be31dc1f4e04eb5e33a34af8/src/test/java/spoon/test/initializers/InitializerTest.java,src/test/java/spoon/test/initializers/InitializerTest.java;testModelBuildingStaticInitializer#,src/main/java/spoon/compiler/SpoonResourceHelper.java;files#String],null
spoon,COMPILE_ERROR,Rename Method,https://github.com/INRIA/spoon/commit/85a5851160cc1e06be31dc1f4e04eb5e33a34af8,https://github.com/INRIA/spoon/blob/85a5851160cc1e06be31dc1f4e04eb5e33a34af8/src/test/java/spoon/test/limits/utils/InternalTest.java,src/test/java/spoon/test/limits/utils/InternalTest.java;testInternalClasses#,src/main/java/spoon/compiler/SpoonResourceHelper.java;files#String],null
spoon,COMPILE_ERROR,Rename Method,https://github.com/INRIA/spoon/commit/85a5851160cc1e06be31dc1f4e04eb5e33a34af8,https://github.com/INRIA/spoon/blob/85a5851160cc1e06be31dc1f4e04eb5e33a34af8/src/test/java/spoon/test/limits/utils/InternalTest.java,src/test/java/spoon/test/limits/utils/InternalTest.java;testStaticFinalFieldInAnonymousClass#,src/main/java/spoon/compiler/SpoonResourceHelper.java;files#String],null
spoon,COMPILE_ERROR,Rename Method,https://github.com/INRIA/spoon/commit/85a5851160cc1e06be31dc1f4e04eb5e33a34af8,https://github.com/INRIA/spoon/blob/85a5851160cc1e06be31dc1f4e04eb5e33a34af8/src/test/java/spoon/test/replace/ReplaceTest.java,src/test/java/spoon/test/replace/ReplaceTest.java;testReplaceBlock#,src/main/java/spoon/compiler/SpoonResourceHelper.java;files#String],null
spoon,COMPILE_ERROR,Rename Method,https://github.com/INRIA/spoon/commit/85a5851160cc1e06be31dc1f4e04eb5e33a34af8,https://github.com/INRIA/spoon/blob/85a5851160cc1e06be31dc1f4e04eb5e33a34af8/src/test/java/spoon/test/replace/ReplaceTest.java,src/test/java/spoon/test/replace/ReplaceTest.java;testReplaceSet#,src/main/java/spoon/compiler/SpoonResourceHelper.java;files#String],null
spoon,COMPILE_ERROR,Rename Method,https://github.com/INRIA/spoon/commit/85a5851160cc1e06be31dc1f4e04eb5e33a34af8,https://github.com/INRIA/spoon/blob/85a5851160cc1e06be31dc1f4e04eb5e33a34af8/src/test/java/spoon/test/secondaryclasses/ClassesTest.java,src/test/java/spoon/test/secondaryclasses/ClassesTest.java;testClassWithInternalPublicClassOrInterf#,src/main/java/spoon/compiler/SpoonResourceHelper.java;files#String],null
spoon,COMPILE_ERROR,Rename Method,https://github.com/INRIA/spoon/commit/85a5851160cc1e06be31dc1f4e04eb5e33a34af8,https://github.com/INRIA/spoon/blob/85a5851160cc1e06be31dc1f4e04eb5e33a34af8/src/test/java/spoon/test/secondaryclasses/ClassesTest.java,src/test/java/spoon/test/secondaryclasses/ClassesTest.java;testTopLevel#,src/main/java/spoon/compiler/SpoonResourceHelper.java;files#String],null
spoon,COMPILE_ERROR,Rename Method,https://github.com/INRIA/spoon/commit/85a5851160cc1e06be31dc1f4e04eb5e33a34af8,https://github.com/INRIA/spoon/blob/85a5851160cc1e06be31dc1f4e04eb5e33a34af8/src/test/java/spoon/test/strings/StringTest.java,src/test/java/spoon/test/strings/StringTest.java;testModelBuildingInitializer#,src/main/java/spoon/compiler/SpoonResourceHelper.java;files#String],null
spoon,COMPILE_ERROR,Rename Method,https://github.com/INRIA/spoon/commit/85a5851160cc1e06be31dc1f4e04eb5e33a34af8,https://github.com/INRIA/spoon/blob/85a5851160cc1e06be31dc1f4e04eb5e33a34af8/src/test/java/spoon/test/trycatch/TryCatchTest.java,src/test/java/spoon/test/trycatch/TryCatchTest.java;testModelBuildingInitializer#,src/main/java/spoon/compiler/SpoonResourceHelper.java;files#String],null
spark,COMPILE_ERROR,Add Parameter,https://github.com/perwendel/spark/commit/d5e20f41f9e126b304655be475b25d7b3fb8a5e2,https://github.com/perwendel/spark/blob/d5e20f41f9e126b304655be475b25d7b3fb8a5e2/src/test/java/spark/RequestTest.java,src/test/java/spark/RequestTest.java;queryParamShouldBeParsedAsHashMap#,src/main/java/spark/route/RouteMatch.java;RouteMatch#HttpMethod,null
spark,COMPILE_ERROR,Add Parameter,https://github.com/perwendel/spark/commit/d5e20f41f9e126b304655be475b25d7b3fb8a5e2,https://github.com/perwendel/spark/blob/d5e20f41f9e126b304655be475b25d7b3fb8a5e2/src/test/java/spark/RequestTest.java,src/test/java/spark/RequestTest.java;queryParamShouldReturnsParametersFromQueryString#,src/main/java/spark/route/RouteMatch.java;RouteMatch#HttpMethod,null
jsoup,COMPILE_ERROR,Move Class,https://github.com/jhy/jsoup/commit/105f7bdcdbfffc879d0737cf857c02b6823b1b73,https://github.com/jhy/jsoup/blob/105f7bdcdbfffc879d0737cf857c02b6823b1b73/src/test/java/org/jsoup/parser/HtmlParserTest.java,src/test/java/org/jsoup/parser/HtmlParserTest.java;canPreserveAttributeCase#,src/main/java/org/jsoup/helper/StringUtil.java;in#String,null
jsoup,COMPILE_ERROR,Move Class,https://github.com/jhy/jsoup/commit/105f7bdcdbfffc879d0737cf857c02b6823b1b73,https://github.com/jhy/jsoup/blob/105f7bdcdbfffc879d0737cf857c02b6823b1b73/src/test/java/org/jsoup/parser/HtmlParserTest.java,src/test/java/org/jsoup/parser/HtmlParserTest.java;canPreserveTagCase#,src/main/java/org/jsoup/helper/StringUtil.java;in#String,null
jsoup,COMPILE_ERROR,Move Class,https://github.com/jhy/jsoup/commit/105f7bdcdbfffc879d0737cf857c02b6823b1b73,https://github.com/jhy/jsoup/blob/105f7bdcdbfffc879d0737cf857c02b6823b1b73/src/test/java/org/jsoup/parser/HtmlParserTest.java,src/test/java/org/jsoup/parser/HtmlParserTest.java;caseInsensitiveParseTree#,src/main/java/org/jsoup/helper/StringUtil.java;in#String,null
jsoup,COMPILE_ERROR,Move Class,https://github.com/jhy/jsoup/commit/105f7bdcdbfffc879d0737cf857c02b6823b1b73,https://github.com/jhy/jsoup/blob/105f7bdcdbfffc879d0737cf857c02b6823b1b73/src/test/java/org/jsoup/parser/HtmlParserTest.java,src/test/java/org/jsoup/parser/HtmlParserTest.java;caseSensitiveParseTree#,src/main/java/org/jsoup/helper/StringUtil.java;in#String,null
jsoup,COMPILE_ERROR,Move Class,https://github.com/jhy/jsoup/commit/105f7bdcdbfffc879d0737cf857c02b6823b1b73,https://github.com/jhy/jsoup/blob/105f7bdcdbfffc879d0737cf857c02b6823b1b73/src/test/java/org/jsoup/parser/HtmlParserTest.java,src/test/java/org/jsoup/parser/HtmlParserTest.java;handleNullContextInParseFragment#,src/main/java/org/jsoup/helper/StringUtil.java;borrowBuilder#,null
jsoup,COMPILE_ERROR,Change Parameter Type,https://github.com/jhy/jsoup/commit/e02085409f0bdd7e71441fc62448192720305444,https://github.com/jhy/jsoup/blob/e02085409f0bdd7e71441fc62448192720305444/src/test/java/org/jsoup/helper/W3CDomTest.java,src/test/java/org/jsoup/helper/W3CDomTest.java;simpleConversion#,src/main/java/org/jsoup/helper/W3CDom.java;asString#Document,null
spark,COMPILE_ERROR,Rename Attribute,https://github.com/perwendel/spark/commit/e0cc4fdeaadf27401447c8522dfa4b0b25d4e5b5,https://github.com/perwendel/spark/blob/e0cc4fdeaadf27401447c8522dfa4b0b25d4e5b5/src/test/java/spark/RequestTest.java,src/test/java/spark/RequestTest.java;shouldBeAbleToGetTheContextPath#,src/main/java/spark/Request.java;Request#RouteMatch,null
spark,COMPILE_ERROR,Rename Attribute,https://github.com/perwendel/spark/commit/e0cc4fdeaadf27401447c8522dfa4b0b25d4e5b5,https://github.com/perwendel/spark/blob/e0cc4fdeaadf27401447c8522dfa4b0b25d4e5b5/src/test/java/spark/RequestTest.java,src/test/java/spark/RequestTest.java;queryParamOrDefault_shouldReturnQueryParam_whenQueryParamExists#,src/main/java/spark/Request.java;Request#RouteMatch,null
spark,COMPILE_ERROR,Rename Attribute,https://github.com/perwendel/spark/commit/e0cc4fdeaadf27401447c8522dfa4b0b25d4e5b5,https://github.com/perwendel/spark/blob/e0cc4fdeaadf27401447c8522dfa4b0b25d4e5b5/src/test/java/spark/RequestTest.java,src/test/java/spark/RequestTest.java;queryParamShouldReturnsParametersFromQueryString#,src/main/java/spark/Request.java;Request#RouteMatch,null
spark,COMPILE_ERROR,Rename Attribute,https://github.com/perwendel/spark/commit/e0cc4fdeaadf27401447c8522dfa4b0b25d4e5b5,https://github.com/perwendel/spark/blob/e0cc4fdeaadf27401447c8522dfa4b0b25d4e5b5/src/test/java/spark/RequestTest.java,src/test/java/spark/RequestTest.java;shouldBeAbleToGetTheServletPath#,src/main/java/spark/Request.java;Request#RouteMatch,null
spark,COMPILE_ERROR,Rename Attribute,https://github.com/perwendel/spark/commit/e0cc4fdeaadf27401447c8522dfa4b0b25d4e5b5,https://github.com/perwendel/spark/blob/e0cc4fdeaadf27401447c8522dfa4b0b25d4e5b5/src/test/java/spark/RequestTest.java,src/test/java/spark/RequestTest.java;testContentType#,src/main/java/spark/Request.java;Request#RouteMatch,null
spark,COMPILE_ERROR,Rename Attribute,https://github.com/perwendel/spark/commit/e0cc4fdeaadf27401447c8522dfa4b0b25d4e5b5,https://github.com/perwendel/spark/blob/e0cc4fdeaadf27401447c8522dfa4b0b25d4e5b5/src/test/java/spark/RequestTest.java,src/test/java/spark/RequestTest.java;testCookie_whenCookiesAreNotPresent#,src/main/java/spark/Request.java;Request#RouteMatch,null
spark,COMPILE_ERROR,Rename Attribute,https://github.com/perwendel/spark/commit/e0cc4fdeaadf27401447c8522dfa4b0b25d4e5b5,https://github.com/perwendel/spark/blob/e0cc4fdeaadf27401447c8522dfa4b0b25d4e5b5/src/test/java/spark/RequestTest.java,src/test/java/spark/RequestTest.java;testCookies_whenCookiesAreNotPresent#,src/main/java/spark/Request.java;Request#RouteMatch,null
spark,COMPILE_ERROR,Rename Attribute,https://github.com/perwendel/spark/commit/e0cc4fdeaadf27401447c8522dfa4b0b25d4e5b5,https://github.com/perwendel/spark/blob/e0cc4fdeaadf27401447c8522dfa4b0b25d4e5b5/src/test/java/spark/RequestTest.java,src/test/java/spark/RequestTest.java;testHeaders#,src/main/java/spark/Request.java;Request#RouteMatch,null
spark,COMPILE_ERROR,Rename Attribute,https://github.com/perwendel/spark/commit/e0cc4fdeaadf27401447c8522dfa4b0b25d4e5b5,https://github.com/perwendel/spark/blob/e0cc4fdeaadf27401447c8522dfa4b0b25d4e5b5/src/test/java/spark/RequestTest.java,src/test/java/spark/RequestTest.java;testIp#,src/main/java/spark/Request.java;Request#RouteMatch,null
spark,COMPILE_ERROR,Rename Attribute,https://github.com/perwendel/spark/commit/e0cc4fdeaadf27401447c8522dfa4b0b25d4e5b5,https://github.com/perwendel/spark/blob/e0cc4fdeaadf27401447c8522dfa4b0b25d4e5b5/src/test/java/spark/RequestTest.java,src/test/java/spark/RequestTest.java;testPort#,src/main/java/spark/Request.java;Request#RouteMatch,null
spark,COMPILE_ERROR,Rename Attribute,https://github.com/perwendel/spark/commit/e0cc4fdeaadf27401447c8522dfa4b0b25d4e5b5,https://github.com/perwendel/spark/blob/e0cc4fdeaadf27401447c8522dfa4b0b25d4e5b5/src/test/java/spark/RequestTest.java,src/test/java/spark/RequestTest.java;testQueryParams#,src/main/java/spark/Request.java;Request#RouteMatch,null
spark,COMPILE_ERROR,Rename Attribute,https://github.com/perwendel/spark/commit/e0cc4fdeaadf27401447c8522dfa4b0b25d4e5b5,https://github.com/perwendel/spark/blob/e0cc4fdeaadf27401447c8522dfa4b0b25d4e5b5/src/test/java/spark/RequestTest.java,src/test/java/spark/RequestTest.java;testQueryParamsValues_whenParamExists#,src/main/java/spark/Request.java;Request#RouteMatch,null
spark,COMPILE_ERROR,Rename Attribute,https://github.com/perwendel/spark/commit/e0cc4fdeaadf27401447c8522dfa4b0b25d4e5b5,https://github.com/perwendel/spark/blob/e0cc4fdeaadf27401447c8522dfa4b0b25d4e5b5/src/test/java/spark/RequestTest.java,src/test/java/spark/RequestTest.java;testScheme#,src/main/java/spark/Request.java;Request#RouteMatch,null
spark,COMPILE_ERROR,Rename Attribute,https://github.com/perwendel/spark/commit/e0cc4fdeaadf27401447c8522dfa4b0b25d4e5b5,https://github.com/perwendel/spark/blob/e0cc4fdeaadf27401447c8522dfa4b0b25d4e5b5/src/test/java/spark/RequestTest.java,src/test/java/spark/RequestTest.java;testSessionNoParams_whenSessionIsNull#,src/main/java/spark/Request.java;Request#RouteMatch,null
spark,COMPILE_ERROR,Rename Attribute,https://github.com/perwendel/spark/commit/e0cc4fdeaadf27401447c8522dfa4b0b25d4e5b5,https://github.com/perwendel/spark/blob/e0cc4fdeaadf27401447c8522dfa4b0b25d4e5b5/src/test/java/spark/RequestTest.java,src/test/java/spark/RequestTest.java;queryParamOrDefault_shouldReturnDefault_whenQueryParamIsNull#,src/main/java/spark/Request.java;Request#RouteMatch,null
spark,COMPILE_ERROR,Rename Attribute,https://github.com/perwendel/spark/commit/e0cc4fdeaadf27401447c8522dfa4b0b25d4e5b5,https://github.com/perwendel/spark/blob/e0cc4fdeaadf27401447c8522dfa4b0b25d4e5b5/src/test/java/spark/RequestTest.java,src/test/java/spark/RequestTest.java;queryParamShouldBeParsedAsHashMap#,src/main/java/spark/Request.java;Request#RouteMatch,null
spark,COMPILE_ERROR,Rename Attribute,https://github.com/perwendel/spark/commit/e0cc4fdeaadf27401447c8522dfa4b0b25d4e5b5,https://github.com/perwendel/spark/blob/e0cc4fdeaadf27401447c8522dfa4b0b25d4e5b5/src/test/java/spark/RequestTest.java,src/test/java/spark/RequestTest.java;testContentLength#,src/main/java/spark/Request.java;Request#RouteMatch,null
spark,COMPILE_ERROR,Rename Attribute,https://github.com/perwendel/spark/commit/e0cc4fdeaadf27401447c8522dfa4b0b25d4e5b5,https://github.com/perwendel/spark/blob/e0cc4fdeaadf27401447c8522dfa4b0b25d4e5b5/src/test/java/spark/RequestTest.java,src/test/java/spark/RequestTest.java;testContextPath#,src/main/java/spark/Request.java;Request#RouteMatch,null
spark,COMPILE_ERROR,Rename Attribute,https://github.com/perwendel/spark/commit/e0cc4fdeaadf27401447c8522dfa4b0b25d4e5b5,https://github.com/perwendel/spark/blob/e0cc4fdeaadf27401447c8522dfa4b0b25d4e5b5/src/test/java/spark/RequestTest.java,src/test/java/spark/RequestTest.java;testCookie_whenCookiesArePresent#,src/main/java/spark/Request.java;Request#RouteMatch,null
spark,COMPILE_ERROR,Rename Attribute,https://github.com/perwendel/spark/commit/e0cc4fdeaadf27401447c8522dfa4b0b25d4e5b5,https://github.com/perwendel/spark/blob/e0cc4fdeaadf27401447c8522dfa4b0b25d4e5b5/src/test/java/spark/RequestTest.java,src/test/java/spark/RequestTest.java;testCookies_whenCookiesArePresent#,src/main/java/spark/Request.java;Request#RouteMatch,null
spark,COMPILE_ERROR,Rename Attribute,https://github.com/perwendel/spark/commit/e0cc4fdeaadf27401447c8522dfa4b0b25d4e5b5,https://github.com/perwendel/spark/blob/e0cc4fdeaadf27401447c8522dfa4b0b25d4e5b5/src/test/java/spark/RequestTest.java,src/test/java/spark/RequestTest.java;testHost#,src/main/java/spark/Request.java;Request#RouteMatch,null
spark,COMPILE_ERROR,Rename Attribute,https://github.com/perwendel/spark/commit/e0cc4fdeaadf27401447c8522dfa4b0b25d4e5b5,https://github.com/perwendel/spark/blob/e0cc4fdeaadf27401447c8522dfa4b0b25d4e5b5/src/test/java/spark/RequestTest.java,src/test/java/spark/RequestTest.java;testPathInfo#,src/main/java/spark/Request.java;Request#RouteMatch,null
spark,COMPILE_ERROR,Rename Attribute,https://github.com/perwendel/spark/commit/e0cc4fdeaadf27401447c8522dfa4b0b25d4e5b5,https://github.com/perwendel/spark/blob/e0cc4fdeaadf27401447c8522dfa4b0b25d4e5b5/src/test/java/spark/RequestTest.java,src/test/java/spark/RequestTest.java;testProtocol#,src/main/java/spark/Request.java;Request#RouteMatch,null
spark,COMPILE_ERROR,Rename Attribute,https://github.com/perwendel/spark/commit/e0cc4fdeaadf27401447c8522dfa4b0b25d4e5b5,https://github.com/perwendel/spark/blob/e0cc4fdeaadf27401447c8522dfa4b0b25d4e5b5/src/test/java/spark/RequestTest.java,src/test/java/spark/RequestTest.java;testQueryParamsValues_whenParamDoesNotExists#,src/main/java/spark/Request.java;Request#RouteMatch,null
spark,COMPILE_ERROR,Rename Attribute,https://github.com/perwendel/spark/commit/e0cc4fdeaadf27401447c8522dfa4b0b25d4e5b5,https://github.com/perwendel/spark/blob/e0cc4fdeaadf27401447c8522dfa4b0b25d4e5b5/src/test/java/spark/RequestTest.java,src/test/java/spark/RequestTest.java;testRequestMethod#,src/main/java/spark/Request.java;Request#RouteMatch,null
spark,COMPILE_ERROR,Rename Attribute,https://github.com/perwendel/spark/commit/e0cc4fdeaadf27401447c8522dfa4b0b25d4e5b5,https://github.com/perwendel/spark/blob/e0cc4fdeaadf27401447c8522dfa4b0b25d4e5b5/src/test/java/spark/RequestTest.java,src/test/java/spark/RequestTest.java;testServletPath#,src/main/java/spark/Request.java;Request#RouteMatch,null
spark,COMPILE_ERROR,Rename Attribute,https://github.com/perwendel/spark/commit/e0cc4fdeaadf27401447c8522dfa4b0b25d4e5b5,https://github.com/perwendel/spark/blob/e0cc4fdeaadf27401447c8522dfa4b0b25d4e5b5/src/test/java/spark/RequestTest.java,src/test/java/spark/RequestTest.java;testSessionNpParams_afterSessionInvalidate#,src/main/java/spark/Request.java;Request#RouteMatch,null
spark,COMPILE_ERROR,Rename Attribute,https://github.com/perwendel/spark/commit/e0cc4fdeaadf27401447c8522dfa4b0b25d4e5b5,https://github.com/perwendel/spark/blob/e0cc4fdeaadf27401447c8522dfa4b0b25d4e5b5/src/test/java/spark/RequestTest.java,src/test/java/spark/RequestTest.java;testSession_2times#,src/main/java/spark/Request.java;Request#RouteMatch,null
spark,COMPILE_ERROR,Rename Attribute,https://github.com/perwendel/spark/commit/e0cc4fdeaadf27401447c8522dfa4b0b25d4e5b5,https://github.com/perwendel/spark/blob/e0cc4fdeaadf27401447c8522dfa4b0b25d4e5b5/src/test/java/spark/RequestTest.java,src/test/java/spark/RequestTest.java;testSession_whenCreateIsFalse_afterSessionInvalidate#,src/main/java/spark/Request.java;Request#RouteMatch,null
spark,COMPILE_ERROR,Rename Attribute,https://github.com/perwendel/spark/commit/e0cc4fdeaadf27401447c8522dfa4b0b25d4e5b5,https://github.com/perwendel/spark/blob/e0cc4fdeaadf27401447c8522dfa4b0b25d4e5b5/src/test/java/spark/RequestTest.java,src/test/java/spark/RequestTest.java;testSession_whenCreateIsTrue_afterSessionInvalidate#,src/main/java/spark/Request.java;Request#RouteMatch,null
spark,COMPILE_ERROR,Rename Attribute,https://github.com/perwendel/spark/commit/e0cc4fdeaadf27401447c8522dfa4b0b25d4e5b5,https://github.com/perwendel/spark/blob/e0cc4fdeaadf27401447c8522dfa4b0b25d4e5b5/src/test/java/spark/RequestTest.java,src/test/java/spark/RequestTest.java;testSession_whenCreateIsFalse#,src/main/java/spark/Request.java;Request#RouteMatch,null
spark,COMPILE_ERROR,Rename Attribute,https://github.com/perwendel/spark/commit/e0cc4fdeaadf27401447c8522dfa4b0b25d4e5b5,https://github.com/perwendel/spark/blob/e0cc4fdeaadf27401447c8522dfa4b0b25d4e5b5/src/test/java/spark/RequestTest.java,src/test/java/spark/RequestTest.java;testSession_whenCreateIsTrue#,src/main/java/spark/Request.java;Request#RouteMatch,null
spark,COMPILE_ERROR,Rename Attribute,https://github.com/perwendel/spark/commit/e0cc4fdeaadf27401447c8522dfa4b0b25d4e5b5,https://github.com/perwendel/spark/blob/e0cc4fdeaadf27401447c8522dfa4b0b25d4e5b5/src/test/java/spark/RequestTest.java,src/test/java/spark/RequestTest.java;testURI#,src/main/java/spark/Request.java;Request#RouteMatch,null
jsoup,COMPILE_ERROR,Move Class,https://github.com/jhy/jsoup/commit/105f7bdcdbfffc879d0737cf857c02b6823b1b73,https://github.com/jhy/jsoup/blob/105f7bdcdbfffc879d0737cf857c02b6823b1b73/src/test/java/org/jsoup/integration/ConnectTest.java,src/test/java/org/jsoup/integration/ConnectTest.java;bodyAfterParseThrowsValidationError#,src/main/java/org/jsoup/helper/StringUtil.java;borrowBuilder#,null
jsoup,COMPILE_ERROR,Move Class,https://github.com/jhy/jsoup/commit/105f7bdcdbfffc879d0737cf857c02b6823b1b73,https://github.com/jhy/jsoup/blob/105f7bdcdbfffc879d0737cf857c02b6823b1b73/src/test/java/org/jsoup/integration/ConnectTest.java,src/test/java/org/jsoup/integration/ConnectTest.java;parseParseThrowsValidates#,src/main/java/org/jsoup/helper/StringUtil.java;borrowBuilder#,null
jsoup,COMPILE_ERROR,Move Class,https://github.com/jhy/jsoup/commit/105f7bdcdbfffc879d0737cf857c02b6823b1b73,https://github.com/jhy/jsoup/blob/105f7bdcdbfffc879d0737cf857c02b6823b1b73/src/test/java/org/jsoup/helper/StringUtilTest.java,src/test/java/org/jsoup/helper/StringUtilTest.java;join#,src/main/java/org/jsoup/helper/StringUtil.java;join#Collection,null
jsoup,COMPILE_ERROR,Move Class,https://github.com/jhy/jsoup/commit/105f7bdcdbfffc879d0737cf857c02b6823b1b73,https://github.com/jhy/jsoup/blob/105f7bdcdbfffc879d0737cf857c02b6823b1b73/src/test/java/org/jsoup/helper/StringUtilTest.java,src/test/java/org/jsoup/helper/StringUtilTest.java;resolvesRelativeUrls#,src/main/java/org/jsoup/helper/StringUtil.java;resolve#String,null
jsoup,COMPILE_ERROR,Move Class,https://github.com/jhy/jsoup/commit/105f7bdcdbfffc879d0737cf857c02b6823b1b73,https://github.com/jhy/jsoup/blob/105f7bdcdbfffc879d0737cf857c02b6823b1b73/src/test/java/org/jsoup/parser/HtmlParserTest.java,src/test/java/org/jsoup/parser/HtmlParserTest.java;canPreserveBothCase#,src/main/java/org/jsoup/helper/StringUtil.java;in#String,null
jsoup,COMPILE_ERROR,Move Class,https://github.com/jhy/jsoup/commit/105f7bdcdbfffc879d0737cf857c02b6823b1b73,https://github.com/jhy/jsoup/blob/105f7bdcdbfffc879d0737cf857c02b6823b1b73/src/test/java/org/jsoup/parser/HtmlParserTest.java,src/test/java/org/jsoup/parser/HtmlParserTest.java;handlesXmlDeclarationAsBogusComment#,src/main/java/org/jsoup/helper/StringUtil.java;in#String,null
jsoup,COMPILE_ERROR,Move Class,https://github.com/jhy/jsoup/commit/105f7bdcdbfffc879d0737cf857c02b6823b1b73,https://github.com/jhy/jsoup/blob/105f7bdcdbfffc879d0737cf857c02b6823b1b73/src/test/java/org/jsoup/parser/HtmlParserTest.java,src/test/java/org/jsoup/parser/HtmlParserTest.java;selfClosingOnNonvoidIsError#,src/main/java/org/jsoup/helper/StringUtil.java;in#String,null
jsoup,COMPILE_ERROR,Move Class,https://github.com/jhy/jsoup/commit/105f7bdcdbfffc879d0737cf857c02b6823b1b73,https://github.com/jhy/jsoup/blob/105f7bdcdbfffc879d0737cf857c02b6823b1b73/src/test/java/org/jsoup/parser/HtmlParserTest.java,src/test/java/org/jsoup/parser/HtmlParserTest.java;testHtmlLowerCase#,src/main/java/org/jsoup/helper/StringUtil.java;borrowBuilder#,null
jsoup,COMPILE_ERROR,Move Class,https://github.com/jhy/jsoup/commit/105f7bdcdbfffc879d0737cf857c02b6823b1b73,https://github.com/jhy/jsoup/blob/105f7bdcdbfffc879d0737cf857c02b6823b1b73/src/test/java/org/jsoup/parser/HtmlParserTest.java,src/test/java/org/jsoup/parser/HtmlParserTest.java;testNormalisesIsIndex#,src/main/java/org/jsoup/helper/StringUtil.java;in#String,null
jsoup,COMPILE_ERROR,Move Class,https://github.com/jhy/jsoup/commit/105f7bdcdbfffc879d0737cf857c02b6823b1b73,https://github.com/jhy/jsoup/blob/105f7bdcdbfffc879d0737cf857c02b6823b1b73/src/test/java/org/jsoup/integration/ConnectTest.java,src/test/java/org/jsoup/integration/ConnectTest.java;bodyAndBytesAvailableBeforeParse#,src/main/java/org/jsoup/helper/StringUtil.java;in#String,null
jsoup,COMPILE_ERROR,Move Class,https://github.com/jhy/jsoup/commit/105f7bdcdbfffc879d0737cf857c02b6823b1b73,https://github.com/jhy/jsoup/blob/105f7bdcdbfffc879d0737cf857c02b6823b1b73/src/test/java/org/jsoup/integration/ConnectTest.java,src/test/java/org/jsoup/integration/ConnectTest.java;doesNotPostFor302#,src/main/java/org/jsoup/helper/StringUtil.java;join#Collection,null
jsoup,COMPILE_ERROR,Move Class,https://github.com/jhy/jsoup/commit/105f7bdcdbfffc879d0737cf857c02b6823b1b73,https://github.com/jhy/jsoup/blob/105f7bdcdbfffc879d0737cf857c02b6823b1b73/src/test/java/org/jsoup/integration/ConnectTest.java,src/test/java/org/jsoup/integration/ConnectTest.java;doesPostFor307#,src/main/java/org/jsoup/helper/StringUtil.java;borrowBuilder#,null
jsoup,COMPILE_ERROR,Move Class,https://github.com/jhy/jsoup/commit/105f7bdcdbfffc879d0737cf857c02b6823b1b73,https://github.com/jhy/jsoup/blob/105f7bdcdbfffc879d0737cf857c02b6823b1b73/src/test/java/org/jsoup/integration/ConnectTest.java,src/test/java/org/jsoup/integration/ConnectTest.java;doesPut#,src/main/java/org/jsoup/helper/StringUtil.java;borrowBuilder#,null
jsoup,COMPILE_ERROR,Move Class,https://github.com/jhy/jsoup/commit/105f7bdcdbfffc879d0737cf857c02b6823b1b73,https://github.com/jhy/jsoup/blob/105f7bdcdbfffc879d0737cf857c02b6823b1b73/src/test/java/org/jsoup/integration/ConnectTest.java,src/test/java/org/jsoup/integration/ConnectTest.java;multiCookieSet#,src/main/java/org/jsoup/helper/StringUtil.java;join#Collection,null
jsoup,COMPILE_ERROR,Move Class,https://github.com/jhy/jsoup/commit/105f7bdcdbfffc879d0737cf857c02b6823b1b73,https://github.com/jhy/jsoup/blob/105f7bdcdbfffc879d0737cf857c02b6823b1b73/src/test/java/org/jsoup/integration/ConnectTest.java,src/test/java/org/jsoup/integration/ConnectTest.java;multipleParsesOkAfterBufferUp#,src/main/java/org/jsoup/helper/StringUtil.java;in#String,null